691,日韓で北朝鮮の非核化へ連携　慰安婦問題には適切に対応 共同通信
204,ノーベル文学賞を受賞した… 福井新聞オンライン
368,ＮＹダウ、３日ぶり反落 時事通信社
5,新千歳空港・百貨店が再開　市場は保存していた魚で競り 朝日新聞デジタル
364,ＮＹ円、１１１円近辺 時事通信社
724,安倍首相、議員票の８割超を確保する情勢　朝日新聞調査 朝日新聞デジタル
767,「やましい気持ちは全くない」S・ラモスはCL決勝でのサラーとの騒動は意に介さず！ サッカーダイジェストWeb | 専門3誌のオリジナル記事が満載！
232,復縁を繰り返すほど、関係は悪化する：研究結果 ライフハッカー［日本版］
696,豊洲開場、正式決定＝斎藤農水相が認可、来月１１日に－東京都 時事ドットコム
150,コワーキングスペースで働くと生産力が上がる理由とは NewsPicks Brand Design
318,"元銀座No1ホステス""男性を手玉にする技"" - すぐ使える「秘密の4フレーズ」 PRESIDENT Online：「仕事人×生活人」のための問題解決塾"
741,稀勢の里の完全復活は実現するか。希望と絶望、相反する双方のデータ。 Number Web｜選りすぐりの総合スポーツコラム
445,円相場、１１１円３７～３８銭＝１１日正午現在 時事通信社
473,円相場、１１１円５３～５４銭＝１１日午後５時現在 時事通信社
275,下積み嫌う若者たちへ。一見平凡な仕事に意味見つければ仕事の成果は変わる Business Insider Japan
1074,いらない服が新しい服に生まれ変わる H&Mの財団が“超循環型”リサイクル技術発表 WWD JAPAN.com
252,従業員満足度が低い、後継者育成が進まない…人事が変われば経営は良くなる 南和気（SAPジャパン株式会社 人事・人財ソリューションアドバイザリー本部 本部長） PHPオンライン 衆知｜PHP研究所 
551,米、ベネズエラ軍不満分子と接触　クーデター計画、米紙が報道 共同通信
438,日立、中国テンセントと戦略的提携で合意 - ロイター BLOGOS - 最新記事
611,災害現場で移動型ＡＴＭが活躍　西日本豪雨でも 日本経済新聞
998,約60時間を非常用電源設備で乗り切った石狩データセンターの奇跡 ASCII.jp
113,WeChatのテンセントの爆発力、QRコード決済ビジネスを狙うなら必見！ Business Insider Japan
652,ドレスの裾が長すぎる！ 中国で警察が少数民族の女性の服を切って回る Business Insider Japan
37,関空、りんくうタウン駅から連絡バス Aviation Wire
703,電子政府エストニアが抱える、日本では報じられない民族問題。 Estonian Mania
953,小型高級SUVの新スター誕生か、ジャガーEペース試乗レポ Forbes Japan
922,テスラの株式非公開をめぐる大騒動は、「撤回」だけでは終わらない WIRED.jp
158,フクビ化学、積水化から断熱材事業買収 日刊工業新聞 電子版
154,ディズニーシーのクリスマス2018、新企画は「食」に注目 リセマム
40,コム デ ギャルソン・オム プリュス、アシンメトリージャケット発売 FASHIONSNAP.COM【ファッションスナップ・ドットコム】
852,最新ゲームの“能力値”にワールドクラスたちの不満が爆発！ ネイマールも「説明しろ！」 サッカーダイジェストWeb | 専門3誌のオリジナル記事が満載！
816,船長「安全と思った」…「走錨」多発の関空周辺 読売新聞
322,ＮＰＯ法人アスヘノキボウ、起業家志望者を中小派遣　２年間経営修行 日刊工業新聞 電子版
893,AbemaTV、“パワプロ”仕様でDeNA対巨人戦を完全生中継。日本プロ野球中継史上初 PHILE WEB
882,エンゼルス、大谷&プホルスのDH問題解決？　「可能な限り一塁手としてプレーする」 データやコラム、多角的な視点で、ファンへ野球の魅力を発信
237,【小山薫堂】普通じゃない家庭環境で自由に育つ NewsPicks編集部
437,エキサイト、上場廃止へ　新興ネット企業・XTechが買収 ITmedia NEWS
304,消える一般職、事務職正社員の需給ミスマッチ——｢価値生まない仕事｣は自動化される Business Insider Japan
644,薬物はダメ！ 取り締まりを強化する中国、個人の排泄物を含む下水を分析して容疑者特定へ Business Insider Japan
705,独ＺＥＷ景気期待指数、9月は－10.6に改善　現況指数も上昇 Reuters
18,JR西日本の関空行き列車はりんくうタウンまで運行、火災の南海本線尾崎駅は9月11日から再開　台風21号 レスポンス
456,円続落、１１１円台半ば＝東京市場 時事通信社
786,全米テニス：大坂なおみ優勝　日本選手初４大大会制覇 毎日新聞
417,前場の日経平均は7日ぶり小反発、ＧＤＰ上方改定支えに買い戻し Reuters
394,北海道内のゆうちょ銀行 土日も臨時営業 NHKニュース
464,アルタバ、ヤフー・ジャパン全保有株売却で43.4億ドル調達へ Bloomberg
62,ＪＲ日豊線が運転見合わせ　中津―杵築間、架線が破損 朝日新聞デジタル
79,ファストファッションブーム終焉でもZARAが強い理由 Business Insider Japan
831,Ｓ・ウィリアムズ自滅　イライラ募り主審に暴言 日本経済新聞
193,心のケア、相談が必要なケースとは　厚労省、ＨＰで紹介 朝日新聞デジタル
750,異例の代表引退セレモニー。ピッチ上がスナイデル家のリビングルームに!? フットボールチャンネル | サッカー情報満載！
181,【流通革新】アマゾンより早く。生鮮郵便局が農家を救う NewsPicks編集部
483,２９１円高の２万２６６４円６９銭＝１１日の平均株価 時事通信社
378,為替相場　　　8日（日本時間　6時） 共同通信
1070,東芝が荷下ろしロボット公開　物流現場に売り込みへ 共同通信
362,マッチョな競争から降り、「コーポレートブランディング」を楽しむと何が起きるか？──hey 佐藤裕介×クラシコム 青木耕平対談 前編 フィットするビジネスを考えるコーポレートメディア | クラシコムジャーナル
321,個人に最適化された｢睡眠｣を実現する方法とは？ ライフハッカー［日本版］
505,壁に貼るモニターで動きを計測、AIがアルツハイマーの兆候を検知 NewsPicks Brand Design
323,在宅での看取りにむけて　結論を急ぐことはありません ハフポスト日本版
264,プリシラ・チャン、インタビュー――移民の両親の苦闘からチャン・ザッカーバーグ基金のビジョンまで TechCrunch Japan
500,【ワークスタイル変革に効くUX】第2回：社員が効率よく働けるためのデザイン IBM THINK
985,メルセデスベンツ GLE 新型、ティザーイメージ レスポンス
38,ミニマルにグラフィカルに──プラダの最新コレクション GQ JAPAN
1012,「面倒見が良い大学」2018年ランキング、14年連続1位は…サンデー毎日 リセマム
770,「カガワのボールを支配する力は健在」 欧州メディアが香川真司を高評価！ サポーターからは”待望論”も サッカーダイジェストWeb | 専門3誌のオリジナル記事が満載！
1068,HEROZ、1Qは売上高2.9億円、営業益1億円で着地　通期計画対比の進捗率は売上高が22％にとどまるも営業益は26％と順調 Social Game Info
274,【のん】大人のルールってなんだ。私はやりたいことをやる NewsPicks編集部
140,RPAテクノロジーズとaiforce solutionsが業務提携　RPA×AIでデジタルレイバーの実務を高度化する「Roboforce」を提供開始 RPA BANK
312,大学中退者の2人に1人、就職を考えずに中退…将来に不安 リセマム
194,"28歳女性役員が""年下社員""に使った作戦 - 社員の7割は、挨拶すら無視した PRESIDENT Online：「仕事人×生活人」のための問題解決塾"
316,出版業界から取次がなくなったら？ - ヒロ BLOGOS - 最新記事
507,【10/6開催】まだ世にないBtoBソリューションで、「現場」に革命を起こす パナソニック コネクティッドソリューションズ社
643,中国への関税発動、アメリカの真の狙いは｢中国製造2025｣計画の阻止だ Business Insider Japan
447,ルネサスのIDT買収会見要旨【随時更新】 EE Times Japan
570,転居や相続手続き、ネットで一括申請　臨時国会の目玉「デジタルファースト法案」 産経ニュース
390,社説：スルガ銀の不正融資　地域金融機関の資格欠く 毎日新聞
50,高品質な食肉を年中無休24時間いつでも販売！ニューヨークの自動販売機型精肉店 マッシュメディア
162,Karrimor 2018-19 Autumn Winter コレクション FASHIONSNAP.COM【ファッションスナップ・ドットコム】
844,マンUが狙った英代表DF、レスターと契約延長。冬の移籍も消滅か フットボールチャンネル | サッカー情報満載！
638,最大で2万人の留学生とその家族がカナダを去ることに？ サウジアラビア、人権問題をめぐってカナダと関係悪化 Business Insider Japan
971,自動運転技術に取り組む46社まとめ【CBI調査】 THE BRIDGE
559,英国で消えゆく小銭、危機感を抱くホームレスの人々 WIRED.jp
959,トヨタ自動車北海道、10日に操業再開へ 共同通信
172,「行けやボケ」客から暴言など…サービス業の７割が経験 朝日新聞デジタル
939,標準車以上、Mモデル未満の「Mパフォーマンス」とは？…BMW レスポンス
732,【侍U-18代表】連覇が消えた日本、なぜ台湾に負けたのか？　その敗因と突きつけられた課題 野球・MLBの総合コラムサイト
530,被災地の生活支援へ予備費投入　首相「切れ目なく供給」 共同通信
547,「タンカー避難失敗なければ…」　松井知事、衝突に怒り 朝日新聞デジタル
905,Wソックス、6人が20本塁打達成か　地区4位と低迷も期待の若手が順調に成長 データやコラム、多角的な視点で、ファンへ野球の魅力を発信
857,ジダン氏、マンU新監督就任を示唆!?　「近いうちにまた監督をする」 フットボールチャンネル
39,世界初の海洋自動清掃システムが太平洋でプラスチック廃棄物の回収作業に着手 マッシュメディア
598,ゴールドマンが推計－日銀の異次元緩和なき長期金利のあるべき水準 Bloomberg.com
952,ランボルギーニの新型ハイパーカー、詳細スペックが流出？ 価格は2.8億円か レスポンス
156,関空第1ターミナル､深刻すぎる被害の実態 東洋経済オンライン
222,費用対効果が低すぎる、現在の英会話教育 Forbes Japan
727,「マタニティハラスメント」訴えた裁判、判決で会社に女性への慰謝料命令 ハフポスト日本版
210,一人でも国政を動かせることを証明したアントニオ猪木 - 天木直人 BLOGOS - 最新記事
792,あおり運転、約7割が被害経験あり---警察通報は2％未満 レスポンス
1036,ロシアと中国、共同でハイテク技術開発に投資 Reuters
811,20代で「脳の病気予備軍」も！医師が語る「脳ドック」の必要性 Diamond Online
167,不要な吸引分娩で男児死亡と提訴　両親、大阪の医療法人に賠償求め 共同通信
678,米国、１１月に成果目指す＝貿易問題でＥＵと閣僚会談 時事通信社
655,11枚の写真で振り返る、アメリカとドイツの驚くほどの関係変化 Business Insider Japan
589,中国8月ＰＰＩ、伸びが減速　ＣＰＩは予想上回る Reuters
10,ＪＲ北海道、１２路線で再開の見通し立たず　札沼線など 朝日新聞デジタル
105,僕がWeWorkに入った3つの理由——快く頼り頼られる経済圏メリットと採用効果 Business Insider Japan
68,皇太子さま　ワイナリー訪問　仏・ブルゴーニュ地方で ホウドウキョク
739,【MLB】大谷、“城島超え”の日本人1年目単独最多19号＆50打点　3戦連続弾で勝利貢献 野球・MLBの総合コラムサイト
982,新型iPhoneのプロセッサ、最前線の7nmプロセスとなるか ギズモード・ジャパン
465,銀行跡地開発で新会社設立を検討　三菱UFJと三菱地所 共同通信
260,車の運転中にヒヤッとしたことありませんか？車の故障は簡単な“アレ”で防げる ホウドウキョク
602,安倍氏、改憲は「使命」　石破氏「政府を謙虚に」 朝日新聞デジタル
670,国民、11日に新執行部を発足　統一選、参院選へ結束確認 共同通信
309,現行就活ルール21年卒は維持を　企業側の指針廃止に大学側が見解 共同通信
859,J1湘南、元セルビア代表FWと契約解除。横浜FM戦では“幻のハットトリック”も フットボールチャンネル
1005,焦点：中国の半導体企業、高待遇を武器に台湾の人材引き抜き Reuters
989,佐賀・唐津の港で車転落、熊本の女性ら２人死亡　親子か 朝日新聞デジタル
512,【求人掲載】「ニュースの民主化」でつくる新時代 PR TIMES
20,AmazonのレジなしコンビニAmazon Goがニューヨークにも開店する TechCrunch Japan
988,乳業2社が北海道工場再開　雪印と明治、停電解消で 共同通信
966,アメリカを中心に、世界の個人間におけるモノの売買サービスを調べてみた Just Simple
1067,スバル BRZ改良新型、ハンドリングと空力性能向上 レスポンス
825,大坂「コートでは私は別人」　記者会見の一問一答 日本経済新聞
290,増加するパワハラ労災認定——あなたのその不調は上司ストレスでは？メンタルだけでなく、体調も Business Insider Japan
71,古典をテーマに読者交流フォーラム　10月6日、京都新聞 京都新聞
49,【分析】ユニクロ・ニトリ・無印。小売3強の「歴史と未来」 NewsPicks編集部
179,三井物産がバルト海ＬＮＧ事業に参画へ　露国営ガス会社と覚書 産経ニュース
967,スマホの進化と共に重要性が増す冷却システムに注目！ ＠DIME アットダイム
435,東証終値は66円高 共同通信
116,Uberや滴滴とは違う助け合い相乗り｢CREW｣：“移動の未来”描く25歳創業者が10億円調達 Business Insider Japan
298,激変する中国人留学生のアルバイト事情。今や人手不足日本の救世主——就労時間制限超えが常態化 Business Insider Japan
76,"スープ店の""閑散期""に男性が殺到する理由 - PRESIDENT Online BLOGOS - 最新記事"
48,札幌・ススキノでネオン復活「元気出る」＝自粛求める声も－北海道地震 時事ドットコム
915,不便が顧客を惹きつける。森ビル×チームラボのデジタルアートミュージアムが2つの“境界”をつなぐ XD（クロスディー）
265,会社とは何のためにあるのか【孫泰蔵】 - 孫家の教え Diamond Online
856,森保監督、追加＆初招集MFをトップ下に大抜てきか。コスタリカ戦へ笑顔で調整【日本代表練習レポート】 フットボールチャンネル
744,ブラジルが快勝。ネイマール＆フィルミーノのゴールでアメリカに2-0 フットボールチャンネル | サッカー情報満載！
838,日米野球、MLBの出場選手を一部発表 GG賞8度の強肩モリーナ、今季ブレイクの新人アクーニャら8人 データやコラム、多角的な視点で、ファンへ野球の魅力を発信
338,ファッションの歴史は尊い。未知の世界は、楽しい。──中里唯馬 WIRED.jp
64,インドで日本酒飲もう＝各地の酒蔵、輸出増狙う 時事通信社
924,INFOBAR xvハンズオン：ノスタルジックなポチポチボタンにLOVE ギズモード・ジャパン
52,日本のインフラ輸出“苦戦”、30兆円達成へ迎える正念場 ニュースイッチ
474,東京円、111円台半ば 共同通信
124,アクセルスペース、前人未踏｢宇宙ベンチャー｣で生き抜いた10年、そして新たな挑戦 —— 中村CEOインタビュー Business Insider Japan
693,通知守らぬ自治体は対象外＝ふるさと納税見直しへ－野田総務相 時事ドットコム
645,消滅可能性都市から｢日本一子育てしやすい街｣へ。豊島区改革推進する元マイクロソフト女性公務員 Business Insider Japan
523,「超富裕層」人口の世界一は香港、日本の2都市もトップ10入り Forbes Japan
1023,テスラ、自動車部門の社長を新設…モデル3 量産化に尽力した副社長が昇格 レスポンス
513,【求人掲載】2年で黒字、3年で100店舗。最速成長ブランドの仕掛人 ストライプインターナショナル
118,トランプ関税効果絶大！｢今夏、中国でレクサスがバカ売れ｣から日本が学ぶこと Business Insider Japan
12,スタバ、ついにイタリア上陸　現地メディア「侵略だ」 朝日新聞デジタル
157,北海道の部品工場、10日夜勤中の生産再開に向け準備＝トヨタ自 Reuters
343,「あなたの弱点は何？」面接官がよく聞く意図とは ライフハッカー［日本版］
127,[更新]Netflixが国内｢料金値上げ｣最大350円、動画の巨人が｢強気｣な理由 Business Insider Japan
46,スタートアップがユニコーンになる確率は1%、67%は廃業・もしくはリビングデッドに【CBI調査】 THE BRIDGE
236,「週末に温泉でゆっくり」はむしろ疲れる - 自律神経が整う24時間の過ごし方 PRESIDENT Online：「仕事人×生活人」のための問題解決塾
826,バレー男子、20年東京五輪へ「存在感」示せるか 日本経済新聞
242,【堀江貴文】持ち家も賃貸も論外。僕はホテルに住む選択をした NewsPicks編集部
627,米中貿易戦争は長期化の様相——中国ハイテク製品狙い撃ちで安全保障で全面的｢敵対｣へ Business Insider Japan
640,北朝鮮では、10人に1人が｢現代の奴隷｣として働かされている —— 最新レポート Business Insider Japan
621,パリ協定ルールで隔たり、削減目標や資金支援　国連作業部会 日本経済新聞
1034,Qualcommの新しいSnapdragon WearチップはWear OSを元気にするか？ TechCrunch Japan
896,ライコネンが今季限りでフェラーリ離脱へ、後任はルクレール AFP
707,8.2億人、飢えに苦しむ　子供の発育阻害と国連 共同通信
331,コーヒーからコンドーム、根性論まで。あなたの知らないフィンランド、伝えます ハフポスト日本版
958,【BMW X2 試乗】いなせな存在感に惹かれた…島崎七生人 レスポンス
830,申ジエ、日本女子プロゴルフ初制覇　メジャー３冠 日本経済新聞
356,アスリートも実践するマインドトレーニングとは〜コンサドーレ札幌 都倉賢 Forbes Japan
790,村田修一内野手が現役引退を表明　元巨人、独立リーグ最終戦で 共同通信
17,アエロフロート、燃油サーチャージ据え置き　18年10-11月分 Aviation Wire
186,コワーキングスペースで働くと生産力が上がる理由とは Reuters
433,東証7日ぶり反発、終値66円高　割安感から買い戻し 共同通信
344,初対面では相手の名前を連呼。起業家けんすうの「人見知りのためのビジネスTips」 新R25
206,人を育てることができる人を育てるために――メルカリの挑戦 GLOBIS 知見録 最新記事
658,カンボジア野党党首1年ぶり保釈　外交日程前に融和強調か 共同通信
351,災害時「生活不活発病」に注意　心身の働き低下 朝日新聞デジタル
319,【中学受験2019】2019年入試予測、受験者数は5年連続増の可能性 リセマム
243,嫌な人のことを考え続けるなんてムダすぎる 東洋経済オンライン
937,【クリスマスおもちゃ見本市】セガトイズ、『動く絵本プロジェクター ドリームスイッチ』を出展…世界中の絵本を日本語・英語で読み聞かせが可能に Social Game Info
170,アルコール度数９％、ホワイトサワーもストロング 朝日新聞デジタル
187,日立、中国テンセントと戦略的提携で合意 東洋経済オンライン
961,エヌビディアも出資の「1キロ先を見通せる」自動運転トラック Forbes Japan
133,167年働いてCEOの1年分、イギリス調査 Business Insider Japan
306,時給4000円派遣で復職、50代主婦の正社員採用…転職バブルで家庭との両立夢みたけど Business Insider Japan
776,ルヴァン杯準決勝は湘南対柏と横浜FM対鹿島に。湘南は22年ぶり4強進出 フットボールチャンネル | サッカー情報満載！
1037,zoffありがとう！ これで紫外線対策が手軽にできる〜 ライフハッカー［日本版］
324,【中学受験】日能研、小1-3女子親子向け学校説明会…名古屋9/30 リセマム
78,"スープ店の""閑散期""に男性が殺到する理由 - 暑い夏は「カレー専門店」に大変身 PRESIDENT Online：「仕事人×生活人」のための問題解決塾"
556,北海道地震死者42人と首相　関係閣僚会議で 共同通信
352,ヤンキーたちとつくる「移動と遊び」の新しい教育のかたち #30UNDER30 Forbes Japan
198,ラジオ、ゲームセンターからスマホまで　親を心配させてきた“新しい娯楽”たち NewSphere
397,富裕層の国外流出が多い国ランキング　選ばれた国の先行きは不安？ ZUU Online｜経済金融メディア
393,いずれはじまる不況に備え、今知っておきたいお金の話 ライフハッカー［日本版］
913,血液検査で体内時計を測定、米研究 AFP
448,9月に予定される「日米首脳会談」の結果次第では 日経平均は上昇トレンド回帰へ！　マザーズ指数も ゴールデン・クロス実現からのリバウンドに期待！ - 成り上がり投資術 Diamond Online
978,トヨタ自動車、１１日から工場再開　部品調達に一定めど 朝日新聞デジタル
628,杉田問題は安倍一強問題。｢力｣ある人に認められるウットリ感が暴走させる感覚 Business Insider Japan
970,アリババ：「馬会長退任せず」傘下香港紙、米紙報道を否定 毎日新聞
482,東証続伸、終値は2万2664円　円安を好感、1週間ぶり高値 共同通信
21,「腹を割り、踏み込んだ関係目指す」特集・JAL藤田副社長に聞くJV展開 Aviation Wire
688,朝鮮半島和平で協力確認＝韓国・インドネシア首脳 時事通信社
906,「誰がやってもいけない」、ナブラチロワ氏がセレーナの激高に言及 AFP
855,阪神電鉄の座席に薬品か　座った乗客、尻に重度のやけど 朝日新聞デジタル
251,中国アリババの馬会長、2019年9月に退任　後任はチャンＣＥＯ - ロイター BLOGOS - 最新記事
244,知識ではなく「知性」を磨いた人が生き残る Forbes Japan
607,政治家たちの揮毫（写真でみる永田町） 日本経済新聞
35,震災時でもみんな一生懸命働いてくれてありがとう - 赤木智弘 BLOGOS - 最新記事
81,ローソン､｢夜間の品ぞろえ｣充実作戦の勝算 東洋経済オンライン
159,太陽光買い取り価格半減へ　消費者の負担軽減で経産省 共同通信
720,「中野サンプラザ」 区長 計画どおり取り壊す方針を示す NHKニュース
339,アフリカ系女性向け美容製品会社「Sundial Brands」のオーナー、リシュリュー・デニスさんの仕事術 ライフハッカー［日本版］
885,大谷翔平、打撃高評価の中で迫られる「究極の選択」。手術経て二刀流ができる体勢づくり必要【小宮山悟の眼】 データやコラム、多角的な視点で、ファンへ野球の魅力を発信
478,日経平均、２日連続で続伸　終値は２９１円高 朝日新聞デジタル
715,中ロ貿易、1千億ドルの見通しとプーチン氏 共同通信
109,EC出遅れのイケア・ジャパン、巻き返し図る｢デジタル戦略｣強調 Business Insider Japan
544,「交流大切」「共に平和構築を」＝ソウルで日韓おまつり 時事通信社
387,中国、対米黒字が拡大 共同通信
626,だから北朝鮮は激怒している！ トランプ大統領は、金正恩委員長に朝鮮戦争の終結宣言を約束していた Business Insider Japan
569,北朝鮮建国70年で軍事パレード 弾道ミサイルなし 共同通信
92,ローソン銀行発足、セブンに17年遅れの勝算は 日本経済新聞
1066,ケンウッド、特定販路向けの1DINレシーバーの2019年モデル発売へ…簡単操作のシンプルモデル レスポンス
777,“マンU・ジダン監督”が実現したら…あのレアルMFやPSGのFWらが補強候補に？ フットボールチャンネル | サッカー情報満載！
549,モスクワ市長選、現職が再選へ　プーチン氏側近 共同通信
582,北方領土問題解決へ前進したいと首相 共同通信
399,正午のドルは111円付近、方向感に乏しい値動き Reuters
615,日ロ首脳が領土問題協議へ　首相、総裁選へ成果狙う 日本経済新聞
1064,アリババの創業者ジャック・マーが早くも引退→教育活動に専念 ギズモード・ジャパン
453,２２２円高の２万２５９５円５２銭＝１１日午前の平均株価 時事通信社
211,大切な人を亡くした悲しみ　その複雑な克服プロセスとは？ Forbes Japan
171,関空の運航再開、まだ2割弱　台風21号被害から1週間 共同通信
165,北海道電力の揚水発電、前倒し運転と経産相 共同通信
239,「失敗は忘れたらいい」69歳で起業したメガバンク元副頭取が若者に伝えたいこと FNN.jpプライムオンライン
188,関空第1ターミナル､深刻すぎる被害の実態 ITmedia ビジネスオンライン
969,恐竜、飼えます。ヴェロキラプトル・ロボットが最高のペットだった ギズモード・ジャパン
662,反トランプ匿名寄稿に衝撃＝閣僚ら相次ぎ否定－米 時事通信社
350,偏差値35から東大合格、現役東大生が教える読書術 Diamond Online
605,北朝鮮、弾道ミサイル登場せず 建国70年記念日、中朝友好誇示 共同通信
488,日経平均は大幅続伸、1週ぶり高値　米ハイテク株高と円安で Reuters
729,米朝首脳再会談の提案支持＝中国 時事通信社
878,ブラッドリーが6年ぶりV、新王者ローズとのPO制す BMW選手権 AFP
155,JAL、伊丹発着の臨時便　12日まで41便、関空一部閉鎖で Aviation Wire
524,北海道に生活物資など財政支援へ　今年度予算の予備費で 朝日新聞デジタル
666,安倍 VS 石破 演説会で火花党員票どうなる ホウドウキョク
871,【MLB】大谷翔平、また二刀流記録　「9盗塁＆10登板以上」はシスラー以来103年ぶり 野球・MLBの総合コラムサイト
125,中国の配車アプリ滴滴で再び乗客レイプ殺人——｢永遠に業務停止しろ｣と国民の怒り頂点に Business Insider Japan
66,北海道地震、死者40人　政府は20％節電要請 Reuters
651,｢暴力的で弱いものいじめばかり ｣ オバマ前大統領、男性を批判し、女性の更なる政治参加を呼びかけ Business Insider Japan
234,ビル・ゲイツが推奨、「賢く学べる」4つの生涯学習サイト Forbes Japan
225,甲子園…あの夏のヒーローたちはまだ野球を続けているだろうか 現代ビジネス[講談社] | 最新記事
271,「社会がこうなったら面白い」を実現するのが、自分の生き方 Diamond Online
161,ルネサス、米半導体メーカー買収＝事業分野拡大へ７３３０億円 時事通信社
639,スパイ活動し放題？ サンフランシスコは中国の諜報機関にとって｢天国｣だった Business Insider Japan
543,「反移民」極右伸長か＝スウェーデン総選挙の投票実施 時事通信社
721,中国がアフリカ支援外交で打ち出した「5つのノー」の真の狙い Diamond Online
178,邪魔者扱いしないで…電柱がＩｏＴ時代に果たす役割 ニュースイッチ
742,日本代表も被災した大地震。忍耐力と感謝を胸に…再始動で踏み出した新たな一歩 フットボールチャンネル | サッカー情報満載！
426,東京円、111円近辺 共同通信
100,パナ、換気設備や空気清浄機　売上高3000億円目指す 日本経済新聞
574,労働力不足なら最低賃金の引き上げは妥当 LIMO
664,トランプ大統領弾劾の動き加速も＝米中間選挙で民主、下院逆転なら 時事通信社
230,いくつ当てはまる？ 慢性疲労の原因となる「副腎疲労度」チェックリスト ライフハッカー［日本版］
340,アリババ会長の名言集－優秀な集団率いるのに「愚か者」が必要な理由 Bloomberg
669,少数連立の公算大、スウェーデン　新政権発足への協議難航 共同通信
747,錦織は全米OP決勝進出ならず、ジョコビッチに完敗 AFP
735,マンCが16歳GKを確保。チェルシーとトッテナムも狙っていた有望株をアマチュア最高額で引き抜く フットボールチャンネル | サッカー情報満載！
495,虐殺の傷跡を抱えて、ルワンダの病院にドローンで血液を届ける27歳 Bloomberg
984,米アップル、陰謀論者ジョーンズ氏のアプリ禁止　ツイッターに続き Reuters
220,幸福度が上がる。今日から始められる7つの習慣 ライフハッカー［日本版］
400,真のカメ類はいつ出現したのか ハフポスト日本版
974,メルカリで「ユニクロ」が定価より高くても売れる理由 AERA dot. (アエラドット) 
440,郵便局でカード決済導入へ　20年2月から、電子マネーも 共同通信
315,大坂なおみ 全米オープン 優勝！日本選手初の偉業！ - 松田公太 BLOGOS - 最新記事
822,ゴルファーの体幹を安定させるエクササイズ（５） 日本経済新聞
940,スペースシャトル・ディスカバリーの中を360度動画で探検してみよう ギズモード・ジャパン
15,北朝鮮建国７０年、国威発揚へ準備＝９日に軍事パレード 時事通信社
916,【Google Playランキング(9/8)】「3800万DL記念キャンペーン」実施の『パワプロ』好調　『崩壊3rd』は新戦乙女登場でトップ30入り Social Game Info
246,47歳、今まで築いたモノを捨てて11年――伝説のポップスターの「その後」 BuzzFeed
546,首相が土砂崩れ現場視察、北海道　地震の被災者を激励 共同通信
6,「空港の仲間のため全力で」　関空の清掃、成田が協力 朝日新聞デジタル
1051,すでにアメリカ以上、中国の5G革命で社会はどう変わる？ Forbes Japan
1033,日本製の折りたたみ電動アシスト自転車「CHOCO-NORI」に注目 FASHIONSNAP.COM【ファッションスナップ・ドットコム】
406,東証12円高　午前9時15分現在 共同通信
766,消滅危機だった日本GP存続決定！30回を迎える鈴鹿が勝ち取ったもの。 Number Web｜選りすぐりの総合スポーツコラム
779,“913日無得点”のFW、代表初出場で初ゴール。英から国籍変更してデビュー フットボールチャンネル | サッカー情報満載！
649,朝日新聞はなぜこんなに嫌われるのか——｢権力批判はメディアの役割｣という幻想の終わり Business Insider Japan
104,吉本とアミューズ、アジアでタッグ　エンタメ市場開拓で 日本経済新聞
308,トップコンサルとVCが語る、次世代リーダーに必要な｢BTCスキル｣とは？ Business Insider Japan
661,最有力候補、遊説中に暗殺未遂＝腹部刺され重傷－ブラジル大統領選 時事通信社
774,松本が劇的弾で暫定首位に再浮上！決勝点のジネイは移籍後初ゴール サッカーダイジェストWeb | 専門3誌のオリジナル記事が満載！
208,退屈と決別しよう！人生がつまらない人のための方法！！ Career Supli（キャリアサプリ）｜あしたのシゴトが面白くなるウェブマガジン
307,礼儀2.0問題に一言｢でも若い人も、たいがいおっさんじゃないですか？｣ Business Insider Japan
1058,中国EV大手、データ開放　車進化へ「アプリ式」戦略 共同通信
51,シネコンが奪い合う！“爆音映画祭”ファン拡大中 ニュースイッチ
90,上司も部下もない　「ホラクラシー」組織の衝撃 日本経済新聞
360,あなたにぴったりの学問はなに？ 京大「診断」の背景に「タコツボ化」への危機感 BuzzFeed
679,連立交渉、難航必至＝極右政党が影響力行使も－スウェーデン総選挙 時事通信社
476,ECB前総裁、各国債務減らなければ危機に 共同通信
22,ソウルで日韓文化交流行事　「友情を未来へ」、多彩な公演 共同通信
382,都築電気、新設する2018年9月の株主優待の内容を 発表！ 保有株数に応じ、1000～3000円相当のお米や 麺類セット、焼き菓子などのグルメギフトを贈呈へ！ - 株主優待【新設・変更・廃止】最新ニュース Diamond Online
943,キャラが配る！カードラリーも　10月滋賀でご当地キャラ博 京都新聞
452,東証、午前終値は2万2595円　円安好感し続伸、買い戻し続く 共同通信
218,貯金が増えないなら、小遣いを2万増やせ - 家計は固定費を見直すことで改善 PRESIDENT Online：「仕事人×生活人」のための問題解決塾
782,【MLB】絶好機で期待を裏切らない、大谷翔平の3点三塁打にファン感激「勝負強すぎる」 野球・MLBの総合コラムサイト
539,北海道地震 死者39人に　安倍首相、被災地を視察 ホウドウキョク
585,プーチン氏側近が圧勝　モスクワ市長選で再選 共同通信
554,「あと１０年ぐらいで国のトップに」　国民民主・玉木氏 朝日新聞デジタル
579,ＧＤＰ改定値、年３％増に上方修正＝設備投資好調、２年ぶり伸び－４～６月期 時事通信社
927,北海道地震／ダイハツ、１０日は国内３工場停止　道内からの部品調達不明 日刊工業新聞 電子版
205,組織の成長に必要なのはリーダーが部下の変化を促すこと GLOBIS 知見録 最新記事
718,ノーベル賞受賞者に聞く。人を動かす言葉の力 NewsPicks Brand Design
515,【求人掲載】AIサービス開発を通して見えてきたインテグレーション戦略とは TIS
535,イラン領事館に放火＝デモ隊が暴徒化－イラク 時事通信社
383,梅の花、株主優待の変更で、6000～1万8000円分の 「優待券」の利便性アップ！　飲食代が何度でも20％ 割引になる「株主優待証」ももらえてお得度は高い！ - 株主優待【新設・変更・廃止】最新ニュース Diamond Online
185,パイオニア、9月危機ひとまず回避　香港ファンドから資金調達 日経ビジネスオンライン
413,為替相場　　10日（日本時間13時） 共同通信
600,トランプ氏が金氏に謝意、建国記念パレードで核誇示せず AFP
410,日本初、投資一任型の資産運用サービスが描く勝算 Forbes Japan
1017,売れるネット広告社、「フォローLINE（ステップLINE）」を月額3万円で利用可能に ITmedia マーケティング
699,太陽光発電、買い取り価格半減へ　経産省方針 日本経済新聞
454,東証、午前終値は222円高 共同通信
132,マネーフォワードとSBIにあって、レガシー金融機関にないもの——企業にとって｢本業｣とは何か Business Insider Japan
173,「一帯一路」で日本に期待＝中国大使、内外情勢調査会で講演 時事通信社
441,ＦＡＡＮＧ回避が裏目に、大型ファンドの８月成績は09年以降で最悪 Bloomberg.com
941,1兆ドル企業になったアマゾンの敵は、もはや「政府」だけかもしれない WIRED.jp
1045,クックパッド｢置き配｣にドラッグストアやカラオケ店参画——“ついで買い”に期待 Business Insider Japan
962,いくつもの人気iPhoneアプリがユーザーの位置情報を売っている TechCrunch Japan
668,セクハラ問題で町長が辞意、群馬　議会不信任、解散策も不発 共同通信
96,Ｈ２Ｂロケット、14日以降に打ち上げ延期 日本経済新聞
706,首相動静―９月１１日 朝日新聞デジタル
517,北海道地震、需給逼迫なら計画停電も＝週明けに１割節電必須－政府 時事通信社
74,潘基文氏おいに実刑判決＝不動産売却めぐる贈賄計画－ＮＹ 時事通信社
89,中国最大OTAシートリップが「飲食店予約サービス」を加速へ、創業者ら幹部来日で東京のレストラン「格付けガイド」を発表、405店が登録 トラベルボイス
796,ロッテ「FUKUMETERコレクションカード」配布日程決定　福浦の2000安打を後押し 野球・MLBの総合コラムサイト
0,関空、国際線も一部再開　訪日客つなぎ留め期待 共同通信
401,東証、午前終値2万2314円　一進一退、方向感欠く 共同通信
493,【緑内障治療最前線】目薬不要の治療法、20秒の手術で「眼球に針」 Bloomberg
847,戦術も選手選考も“オレ流”で勝負！ 監督・本田圭佑はどんなサッカーを目ざすのか？ サッカーダイジェストWeb | 専門3誌のオリジナル記事が満載！
538,柔道、故斉藤仁氏の次男が初V　全日本ジュニア体重別選手権 共同通信
107,キーボード派？手書き派？脳を活性化し、ビジネスで勝てる｢本当に正しいメモの取り方｣とは Business Insider Japan
753,全米OP決勝進出の大坂、屈託のないキャラで大会のスターに AFP
676,イドリブ空爆、既に３万人避難＝政権軍攻勢強める－シリア 時事通信社
223,ローマ帝国の栄枯盛衰に「日本の退化」を止めるヒントがある。 現代ビジネス[講談社] | 最新記事
333,"東大が""結婚したくない大学""で1位のワケ - PRESIDENT Online BLOGOS - 最新記事"
102,加賀電子、富士通エレクトロニクスを200億円で買収 日本経済新聞
749,今季の奪三振王争いは無風　パは楽天則本、セは巨人菅野が独走状態 野球・MLBの総合コラムサイト
492,47年間の研究で判明した「優秀な子どもを育てる7つの方法」 Inc.
213,お産の「影」の中に描いた光　ＮＨＫ「予想以上の反響」 朝日新聞デジタル
135,NYだけで8万人。増えすぎUber運転手の生活が困窮—— NY市規制に Business Insider Japan
247,「就活ルールが廃止されるとどーなるの？」と思ったときに読む話。 （後藤和也 大学教員、キャリアコンサルタント） ハフポスト日本版
1048,UXの観点で考える広告--ユーザーの商品体験に大きく影響 ZDNet Japan
818,勝ち星恵まれぬデグロム　異例の最優秀投手賞候補 日本経済新聞
660,9月ユーロ圏投資家センチメント指数は低下、貿易摩擦など重し Reuters
647,非武装地帯を｢平和地帯｣に！ 韓国、北朝鮮との軍事境界線に配置している部隊を｢試験的に｣削減へ Business Insider Japan
371,ドル上昇、米雇用統計受け　貿易懸念なお＝ＮＹ市場 Reuters
860,名将ヒディンク氏がU-21中国代表監督に就任。東京五輪目指す フットボールチャンネル
26,函館と札幌の距離は約250km！電車で3時間40分、高速バスで5時間30分！近くはないです！なんなら飛行機で - かさこ BLOGOS - 最新記事
685,安倍氏外交 vs 石破氏地方遊説　自民党総裁選 ホウドウキョク
430,ビットコインADRに関し仮想通貨クラスタが知っておくべきこと Market Hack
995,未開のＶＲ医療に挑む型破りな「アイデア」と「ビジネス力」とは ニュースイッチ
907,【高校野球】智弁和歌山の林がプロ志望届を提出　新たに7選手が公示 野球・MLBの総合コラムサイト
3,新千歳空港、8日から国際線再開　商業施設は休業 Aviation Wire
134,保育士のスキルをカレンダーに。親に寄り添い虐待防止まで——出発は｢誰にでもできる発言｣への怒り Business Insider Japan
361,社長の輩出率、4年連続1位の都道府県は? マイナビニュース
925,5カメラスマートフォンがNokiaブランドで発売される、新製品のアイデアもネタ切れ？ TechCrunch Japan
815,死者40人、捜索を終了　安否不明者なくなる、北海道地震 共同通信
884,【MLB】大谷翔平が止まらない、第2打席で痛烈二塁打＆三盗！　8試合連続安打を記録 野球・MLBの総合コラムサイト
710,司法試験合格、最少の１５２５人　完全移行の１２年以降 朝日新聞デジタル
839,シメオネ監督のインテル就任は時間の問題か、代理人は「遅かれ早かれ」 AFP
226,「発達障害者は仕事弱者だけでなく恋愛弱者でもある」と言える理由 現代ビジネス[講談社] | 最新記事
868,西村拓真、CSKAモスクワで実戦デビュー。練習試合に先発出場 フットボールチャンネル
375,デンソー、東北パイオニアＥＧを109億円で買収 日刊工業新聞 電子版
1019,作品を間近で鑑賞できる“VR美術館”、DNPが開発　美術館などに提供へ ITmedia NEWS
345,部下のやる気はどこにあるのか？ Forbes Japan
432,ドル110円後半、貿易摩擦懸念で円堅調 Reuters
1041,バッテリー満載ドローンのImpossible Aerospaceが940万ドルを調達 TechCrunch Japan
1021,パイオニア、AI開発者カンファレンスで3D-LiDARセンサーを紹介予定…エヌビディア主催のGTCジャパン レスポンス
467,GMOとSBIから読み解く仮想通貨業界の今後 - 前編: 取引所ビジネス 決算が読めるようになるノート
63,被災住宅の家賃払う必要は？　消費者庁がＱ＆Ａでまとめ 朝日新聞デジタル
805,片手切断のNFL選手が開幕戦で先発デビュー、チームは敗戦 AFP
366,ナスダック　　7日終値 共同通信
238,外資系保険の全国トップセールスは なぜ、「逆さま」に文字を書くのか？ Diamond Online
112,意外に多い？ 同族経営の大企業9社 Business Insider Japan
683,輸入関税引き上げと新たな減税策 財経新聞
553,オバマ氏、初の応援演説　「政治に健全さ取り戻す」 共同通信
599,学校エアコン、寄付頼みの行政　安易な次善策「公の責務放棄」 this.kiji.is
126,クックパッドが釣り情報サイト｢ウミーベ｣買収—— CEOは｢32歳の元音楽家｣ Business Insider Japan
261,【インタビュー】モバイルゲーム運営市場は2020年に1000億円規模に拡大…ゲーム運営業界のトッププレイヤーであるファンプレックスが見る今後の市場展開と運営移管の実情 Social Game Info
787,韓国で2015年以来のMERS患者 計21人隔離 www.afpbb.com
754,【MLB】“守護神”前田健太が今季2セーブ目！　2点リードの9回1死から完璧火消し 野球・MLBの総合コラムサイト
137,ミレニアルはマヨネーズを殺している？ 真実は？ Business Insider Japan
7,Amazonのレジ無しコンビニAmazon Goがニューヨークにも開店する TechCrunch Japan
520,官房長官、死者21人と発表　心肺停止は6人、不明13人 共同通信
1052,ＶＲ空間の美術館で作品の鑑賞・購入ができるシステム、ＤＮＰが開発 ニュースイッチ
746,大谷の驚愕3戦連発にMLB公式は“新理論”!?　「靭帯損傷で人はパワーアップ」 野球・MLBの総合コラムサイト
899,台頭、定着、移籍、併用…2018年は各球団の捕手陣容に大きな変化!? 野球・MLBの総合コラムサイト
416,収益低迷の地方銀行にもメリット　大手信託銀行が狙う「囲い込み」 SankeiBiz（サンケイビズ）
737,ジョコビッチが錦織に快勝、デルポトロとの全米決勝に進出 AFP
359,外国人の名刺を机に並べるとバカにされる - 「記憶力が悪い人」だと思われる PRESIDENT Online：「仕事人×生活人」のための問題解決塾
153,レクサス初の豪華ヨット、発売へ　定員１５人・客室三つ 朝日新聞デジタル
588,韓国特使団の徐氏、安倍首相と会談　「できる貢献する」 朝日新聞デジタル
563,トランプ大統領「アップルは米国に工場を」強気の姿勢崩さず NHKニュース
349,【のん】下手くそでもいい。私は真っ直ぐにいきたい NewsPicks編集部
942,Facebookによる「不適切なコンテンツ」の監視は、問題だらけだった WIRED.jp
671,国会議長らに同行要請＝南北首脳会談で韓国政府 時事通信社
873,【MLB】大谷翔平、8戦連続安打で今季19度目マルチ記録　打率.294に上昇し3割目前 野球・MLBの総合コラムサイト
56,［ダイソンキラー］北米を震撼させた“ニンジャ”の良いとこダメなとこ完全公開 360.life -
409,円相場、１１０円９１～９３銭＝１０日午前９時現在 時事通信社
594,7月経常収支は2兆0097億円の黒字＝財務省 Reuters
490,スーパーカミオカンデで内部公開　水を抜いた検出器のタンク 共同通信
485,ＮＹ州当局、ドル等価裏付けの「安定型仮想通貨」を初めて承認 Reuters
694,欧州にとって「歴史的」　スウェーデン極右躍進 共同通信
713,総裁選、石破氏が論戦中断に不満　安倍氏はロシア訪問 共同通信
522,北朝鮮が最新ITをアピール　海外メディアに公開 ホウドウキョク
682,米朝首脳「大胆な決断を」＝核廃棄で韓国大統領 時事通信社
692,米国：トランプ政権　ＳＮＳ各社に圧力 毎日新聞
997,超小型ケータイ「NichePhone-S 4G」を買うべき5つの理由 マイナビニュース
305,時間が足りないと悩んでいるあなたへ。この3つの方法で“無駄な仕事”はなくなる Business Insider Japan
972,シリコンバレー支配に反発、インドの「脱・テック植民地」戦略 NewsPicks編集部
708,ニッポンレンタカー、２４時間営業廃止へ　年内にも 朝日新聞デジタル
592,就活ルール廃止案に学生不安の声 福井新聞オンライン
163,土砂災害死88％が危険区域　西日本豪雨、対策検討へ 共同通信
342,思春期女子の「自己肯定感」を下げないための対応法 ライフハッカー［日本版］
59,米ナイキ、オンライン注文急増－キャパニック選手起用の広告開始 Bloomberg.com
869,A代表初選出の天野純、得意のFKでアピール狙う。「チャンスあったら決めたい」 フットボールチャンネル
999,Apple、Yahoo、Adobe、20年前のウェブサイトってどんなデザインだったの？ ギズモード・ジャパン
508,【求人掲載】マネジャーが輝けば、職場が輝く。イキイキと働く人と職場を増やすために リクルートマネジメントソリューションズ
835,ジダン氏、マンU新監督就任を示唆!?　「近いうちにまた監督をする」 フットボールチャンネル | サッカー情報満載！
462,ＪＰモルガン：資産運用部門のヘッジファンドチーム強化－新規採用も Bloomberg
948,富士通、液浸冷却システムを販売　ポスト京の世界最速返り咲きも支えるか 財経新聞
450,ZendeskがBaseを買収してCRMに拡大 TechCrunch Japan
584,ロシア全土で反年金改革デモ、警察が800人超拘束＝人権団体 Reuters
765,元巨人・村田が正式に現役引退表明　「今日をもって私は現役を引退します」 野球・MLBの総合コラムサイト
1026,IIJと楽天モバイルから、Essential Phoneがついに日本でも買えるように！ ギズモード・ジャパン
219,スクエニ、『刀使ノ巫女 刻みし一閃の燈火』で「此花寿々花」誕生日を記念し「虹珠鋼×100個」をプレゼント　限定ボイスやトークも Social Game Info
799,【MLB】大谷翔平、快足生かした“右前二塁打”にエ軍OB称賛 「実にアメージング」 野球・MLBの総合コラムサイト
608,自民党総裁選、論戦スタート　安倍・石破両氏が所見を発表 日本経済新聞
287,｢最初の仕事はくじ引きである｣新卒配属ガチャ問題をどう乗り越えるか？ Business Insider Japan
354,老後の生活、月27万円必要　敬老の日で生保調査 共同通信
731,大谷翔平、日本人1年目本塁打トップ　勝ち越し19号3ランでエンゼルスは快勝 データやコラム、多角的な視点で、ファンへ野球の魅力を発信
4,「アニエスベーラジオ」が始動、ポップアップや音楽イベント続々開催 FASHIONSNAP.COM【ファッションスナップ・ドットコム】
854,太平洋プラごみ：巨大回収装置「出航」　５年間で半減構想 毎日新聞
479,ドル111円半ば、ユーロや英ポンドが続伸 Reuters
824,フランス、オランダを下す　欧州ネーションズＬ 日本経済新聞
840,ドビツィオーソがサンマリノGP優勝、マルケスは年間王者へさらに前進 AFP
928,画面から出る超音波で、表示内容を「のぞき見」できる：研究結果 WIRED.jp
536,北海道地震で予備費支出を10日決定と首相 共同通信
595,名護市議選挙：与野党が拮抗　野党１減も辺野古反対は過半数 沖縄タイムス＋プラス
674,街角景気２カ月ぶり改善＝８月、猛暑が押し上げ－内閣府 時事通信社
841,【大学野球】明大・渡辺佳明ら3選手が新たにプロ志望届提出　侍J大学日本代表から2選手 野球・MLBの総合コラムサイト
951,オープンカーになった「BMW i8」の魅力は、屋根をなくしただけに終わらない：試乗レヴュー WIRED.jp
555,北海道の生乳工場、９割近くが再開　残る５カ所も準備 朝日新聞デジタル
963,KDDIが日本初「船舶型基地局」の運用を開始　北海道日高沖に停泊し電波を届ける ねとらぼ
279,東京とシドニー2拠点で日本の工芸を売る28歳。政府系職員という安定捨てた想いとは Business Insider Japan
289,外資金融で働く社員の1日に密着——チャレンジする人に、チャンスがある Business Insider Japan
487,サムライローン、インド企業呼び込む－ドルより安いスワップコスト Bloomberg.com
439,日経平均は7日ぶり反発、4─6月期ＧＤＰ上方改定が支え Reuters
286,｢日本型雇用は終わった、退職金なんていらない｣という人たちへの反論——“退職手切れ金”をすべての若者に Business Insider Japan
120,非の打ち所がないGoogle決算、倍増させた設備投資は一体、なんのため？ Business Insider Japan
616,九商連、ベトナム商議所と覚書締結へ　経済交流促進 日本経済新聞
1060,パナ、421億円申告漏れ　不服申し立てへ 共同通信
13,新千歳空港の国際線再開 共同通信
698,安倍首相、北朝鮮経済協力は拉致解決が不可欠　日ロ首脳会談で Reuters
468,ローソン銀行が発足、キャッシュレス決済にも注力 Engadget 日本版
606,基本はリボ払い、借金に抵抗ナシ??アメリカ人の消費性向から米国景気を読み取る ZUU Online｜経済金融メディア
1028,ヤフージャパン全株売却へ＝旧米ヤフー 時事通信社
160,自動運転車に深入りしたいルネサスが$6.7Bの巨額買収に踏み切る TechCrunch Japan
1056,やはり新型iPhoneにはデュアルSIMモデルが？ 中国キャリアが示唆 ギズモード・ジャパン
722,米下院共和党、新たな減税策を発表　中間選挙控え Reuters
760,ホークス前日一転“1点勝ち”　工藤監督「ホームで勝ち越せたのは大きい」 野球・MLBの総合コラムサイト
789,【全米テニス】大坂なおみの優勝にブーイング　２０歳の新女王が涙の謝罪「こんな終わり方ですみません」 産経ニュース
195,年収300万円でも「リッチ」な人の考え方 - ヒントは「行動経済学」にあった PRESIDENT Online：「仕事人×生活人」のための問題解決塾
191,音別発電所2号機が停止、釧路市　1号機再稼働で影響なし 共同通信
653,国交、総務、農水でも若手官僚ペーパー続々。若手の起こす地殻変動は日本を変えるか。 Business Insider Japan
557,オバマ氏、中間選の接戦区で始動「市民が立ち上がろう」 朝日新聞デジタル
930,"アマゾンも参戦""QRコード決済""のうまみ - 消費者のデータが新たな金脈になる PRESIDENT Online：「仕事人×生活人」のための問題解決塾"
164,「ヴァレンティノ」が伊勢丹新宿でポップアップ　「モンクレール」とのコラボや日本限定アイテム WWD JAPAN.com
106,あなたは炎上させない｢謝罪｣できますか？ 謝罪マスターに聞く、トラブルを解決に導く｢謝罪の鉄則｣ Business Insider Japan
16,世界の自殺、年に80万人　包括的対策必要とWHO 共同通信
597,【最終話・菅義偉】私の半生、3つのターニングポイント NewsPicks編集部
991,中国アリババの馬会長、2019年9月に退任　後任はチャンＣＥＯ Reuters
757,西武・今井が6回2失点の粘投で4勝目　辻監督評価「相当気合が入っていた」 野球・MLBの総合コラムサイト
561,【菅義偉】「国を動かす人事」たった一つの基準 NewsPicks編集部
335,大坂なおみ 日本語はラップで…注目集める独特すぎる勉強法 - 女性自身 BLOGOS - 最新記事
497,テクノロジー化しても大切にしたい、介護の倫理 NewsPicks Brand Design
516,【求人掲載】成長痛を打ち破る、メルカリの組織戦略 メルカリ
986,英語で楽しくプログラミング「Cubetto English Bundle」限定90セット販売 リセマム
414,ランドセルは本当に軽いほうがいい？安易な「かわいそう」が奪うもの 現代ビジネス[講談社] | 最新記事
788,野球88％、サッカー83％、バスケは…？「Bリーグ」を盛り上げる方法 FNN.jpプライムオンライン
93,日立、中国テンセントとＩｏＴで提携 日本経済新聞
446,ルネサスが米ＩＤＴを買収、呉社長「予選通過ではなく優勝を」 Reuters
83,パナソニック27万人の命運を握る「40歳の副社長」いったい何者か 現代ビジネス[講談社] | 最新記事
923,【メルセデスベンツ CLS 新型試乗】メルセデスの技術革新は留まるところを知らない…中村孝仁 レスポンス
1032,読売テレビの音声が中断　ニュース番組で約1分間 共同通信
684,国民の新幹事長に平野博文・元官房長官 朝日新聞デジタル
425,円相場、１１０円９９～９９銭＝１０日午後５時現在 時事通信社
689,厚真火発の全面復旧１１月以降　経産相　１号機は今月末以降 北海道新聞 どうしんウェブ
1057,｢スバル XV｣にe-BOXER搭載グレード、特設Webサイトもオープン 財経新聞
775,【MLB】シーズン終盤で好調の田中将大を辛口NY紙が信頼「POへの大きな原動力」 野球・MLBの総合コラムサイト
773,エリクセンらデンマーク代表選手がサッカー協会と一時和解！ フルメンバーでネーションズ・リーグに参戦へ サッカーダイジェストWeb | 専門3誌のオリジナル記事が満載！
1000,中国の「ゲーム規制強化」で日本市場を狙うテンセントら Forbes Japan
795,【侍U-18代表】すぐさま同点に追いつく　無死一、三塁で併殺の間の1点止まり… 野球・MLBの総合コラムサイト
328,間宮林蔵　樺太が島だと発見した有能役人は、50歳を越えてから隠密に転身？ 日本史・あの人の意外な「第二の人生」より PHPオンライン 衆知｜PHP研究所 
577,与野党とも過半数届かず＝「反移民」極右は伸長－スウェーデン総選挙 時事通信社
363,ＮＹダウ、反落 時事通信社
69,家族の認知症発症を早期発見できる3つの手がかりとは【予防医療の最前線】 ハフポスト日本版
533,イラク南部でデモ暴徒化　隣国イランの総領事館襲撃 朝日新聞デジタル
527,猪木氏、北朝鮮高官と会談　核や拉致問題提起か 共同通信
346,2児の母ながら海外出張もこなす、秘訣は「朝食」と「夕食」にあり Diamond Online
221,小島慶子さんが“イクメンクソ野郎”を描いた理由「イクメンがいいやつだと思うなよ」 ハフポスト日本版
994,アップル、対中関税実施なら「アップルウオッチ」など人気製品値上がり Bloomberg
146,ザギトワらが新シーズンのフリー　フィギュア、メドベも披露 共同通信
294,転職は慎重に。でも転職活動は積極的にした方がいい3つの理由 Business Insider Japan
29,ファイブフォックスが京都・パリ友情盟約締結60周年記念アイテムを発売 WWD JAPAN.com
114,創業4年弱で上場、漫画アプリからIoTホステルまで｢and factory｣の事業構築力 Business Insider Japan
526,社説：北海道全停電　一極集中のもろさ露呈 京都新聞
858,マンUが狙った英代表DF、レスターと契約延長。冬の移籍も消滅か フットボールチャンネル
1050,企業守る「ホワイトハッカー」を官民で奪い合う愚 Diamond Online
176,新ブランドも登場、ミレニアル世代が好きなブランド トップ50 Business Insider Japan
168,石油火力の音別発電所２号機が自動停止　北電 朝日新聞デジタル
353,「優秀な人材」より「早期退職しない人材」の方が面接に有利。人事担当の気になる実情とは AMP[アンプ] - ビジネスインスピレーションメディア
384,「インヴァストカード」のポイントで投資する最大の メリットは、自動的にほったらかし投資ができる点！ ポイントを無駄なく、効率的に使って資産形成しよう - 最新記事 Diamond Online
810,DeNAが後藤、加賀の今季限りの引退を発表　16年目後藤「やりきった」 野球・MLBの総合コラムサイト
919,倉庫と工場を検査し警備するドローンをVtrusが発表 TechCrunch Japan
901,マルセイユの無観客試合が決定、EL出場停止処分は免れる AFP
819,日本、中国をコールドで下し３位　Ｕ18野球アジア選手権 日本経済新聞
189,2万円台で0.5キロの“安くて軽い”アシストスーツ登場　腰のサポートに特化 Business Insider Japan
136,“プレゼンの神”澤円とシリコンバレー起業家育成のプロとが語るキャリア論、｢日本ではcrazyさへの応援が足りない｣ Business Insider Japan
459,ルネサスがIDT買収を発表、約7300億円で EE Times Japan
887,危険走行のMoto2ライダー謝罪、他選手のブレーキ握り解雇に AFP
255,「できそこないがエリートと戦うには思考しかなかった」——SUPPOSE DESIGN OFFICE 谷尻誠 AMP[アンプ] - ビジネスインスピレーションメディア
932,スーパーSUV「アウディ RS Q8」、巨体揺らしニュル爆走［スクープ動画］ レスポンス
295,フリーランスの落とし穴。自由な働き方実現のために見出した“ゆるいチーム”という選択 Business Insider Japan
1009,法務省職員のふり...男逮捕　和解金必要とうそ ホウドウキョク
894,空港にトイレより汚い場所があった　全員が触るのに ニューズウィーク日本版
233,これからの時代「HOW」より「WHY」が重要な理由 Forbes Japan
672,安倍首相「正恩氏と話すとき来た」　韓国要人と面会で ホウドウキョク
33,プラスチックごみより酷い「タバコの吸い殻」の海洋汚染 Forbes Japan
88,深センで始まった工場移転、「世界の工場」を襲う人件費・家賃高騰 Diamond Online
44,JR京葉線、線路から煙　消火後も火花、再開できず 共同通信
347,【小山薫堂】人は最良の人生を選択しながら生きている NewsPicks編集部
61,日立、中国テンセントと戦略的提携で合意 Reuters
1044,「メルカリ」の模倣品出現率は1％未満　出品を監視するブランド専門対策チームの仕事とは WWD JAPAN.com
199,コカ･コーラ社社員が語る「空の上の幸福論」 The Coca-Cola Company
442,小規模会社をM&Aするときに使う株式評価の方法 ZUU Online｜経済金融メディア
837,【U-18アジア選手権】2度目V狙う台湾は“台湾の大谷翔平”が先発　韓国と決勝戦 野球・MLBの総合コラムサイト
403,東証、午前終値は7円高 共同通信
759,シメオネ息子、メッシの代表復帰を熱望。「彼はアルゼンチンの象徴」 フットボールチャンネル | サッカー情報満載！
302,今の会社にいてもいいの？ベストセラー『転職の思考法』著者と一緒に考えよう！【イベント開催】 Business Insider Japan
73,工場・店舗、週明け操業に不安＝一部再開も、節電対応に課題－北海道地震 時事通信社
402,７円高の２万２３１４円３６銭＝１０日午前の平均株価 時事通信社
568,総裁選、安倍氏支持が党員6割超　3選が濃厚、石破氏追う 共同通信
601,パリ協定の実施ルールで対立残る　国連気候変動会議が閉幕 共同通信
562,豚コレラウイルス検出　農林水産省、豚肉の輸出停止 FNN.jpプライムオンライン
902,夏の移籍市場で最も「お買い得」だった選手と「高すぎ」だった選手とは？ フットボールチャンネル | サッカー情報満載！
881,ライダーカップ米国選抜、最後の一人はフィナウに決定 AFP
888,柏退団のブラジル人FW、2年ぶりに仙台へ復帰「約束を果たすことが出来て嬉しい」 フットボールチャンネル | サッカー情報満載！
690,危険なため池、廃止検討も　広島県、豪雨の復旧復興方針 共同通信
217,"""丸腰""で他人に投資の相談をする人の末路 - 銀行も怖いが、親はもっと怖い PRESIDENT Online：「仕事人×生活人」のための問題解決塾"
560,首相、北海道の土砂崩れ現場視察　予備費5億円支出決定へ 共同通信
1046,中国スタートアップ界に異変。「バブルに興じる時間は残り少ない」 NewsPicks編集部
648,40℃超でも原発なき首都圏の電力が足りてる理由 —— 2020年東京五輪でひっ迫リスクは？ Business Insider Japan
695,米加州、2045年までに100％クリーンエネルギーに　知事が署名 Reuters
872,大谷翔平、4打数2安打1打点で8戦連続安打　9回は打席回らずエンゼルスは連勝ストップ データやコラム、多角的な視点で、ファンへ野球の魅力を発信
434,６６円高の２万２３７３円０９銭＝１０日の平均株価 時事通信社
723,人手不足関連の倒産、最多更新　8月に45件、民間調査 共同通信
138,RPAテクノロジーズとコージェントラボがRPA×AI OCR分野で業務提携「BizRobo! DX Cloud」で「Basic Robo!」と「Tegaki」が連携 RPA BANK
212,今こそ見直そう！ スポーツボランティアの意味を - The BORDERLESS BLOGOS - 最新記事
641,カナダ・オンタリオ州の新政権、世界最大規模のベーシックインカム実験を打ち切る Business Insider Japan
890,USオープン優勝! 大坂なおみ選手の「ハーフ」の思い New York Niche・ニューヨークニッチ
886,アストロズ、接戦勝利で首位キープ 剛腕バーランダーが毎回の10奪三振で15勝目 データやコラム、多角的な視点で、ファンへ野球の魅力を発信
914,スルガ銀弁護士が複数辞任　シェアハウス交渉混乱 共同通信
756,田中将大、8回無失点で今季11勝目　圧巻10Kでマリナーズ打線封じる データやコラム、多角的な視点で、ファンへ野球の魅力を発信
1042,PinterestのMAUが2億5000万人超　ピン数は前年比75％増 ITmedia NEWS
730,司法試験合格、最少の１５２５人　新試験の０６年以降 朝日新聞デジタル
755,ネイマール、再びブラジル代表主将に。「もうやりたくない」と言っていたが… フットボールチャンネル | サッカー情報満載！
980,ブリヂストンサイクル、子ども向け“ファーストバイク”自転車を発売…子乗せ自転車を卒業したら レスポンス
745,相次ぐ協会問題と'00年の千葉すず。勇気ある行動が競技に透明性を。 Number Web｜選りすぐりの総合スポーツコラム
235,働き方を変えれば企業価値が上がるという幻想 とある投資家のαライフハック
801,【写真特集】21世紀のグランドスラム歴代優勝者 AFP
67,RNAのスナップショットをつなぎ合わせて細胞系譜を示す ハフポスト日本版
24,福知山－和田山間で運転見合わせ　大雨でＪＲ西 京都新聞
389,保険もシェアする時代 「P2P保険」はミレニアル世代のスタンダードとなるか？〜全世界で30社以上に拡大 AMP[アンプ] - ビジネスインスピレーションメディア
216,「週末に温泉でゆっくり」はむしろ疲れる - PRESIDENT Online BLOGOS - 最新記事
764,S・ラモス、英国でブーイング。CL決勝後には「死の脅迫」も受けたと明かす フットボールチャンネル | サッカー情報満載！
129,【独占】H&Mジャパン社長：引退秒読み、安室奈美恵とコラボした理由 Business Insider Japan
355,"平成30年司法試験、1,525人が合格…最低年齢は19歳 リセマム"
111,就活ルール廃止は本気か？人事が危惧する長期化とミスマッチ増。学生側は内定格差が拡大？ Business Insider Japan
166,豪紙の風刺画が物議＝ウィリアムズ選手に「人種差別」 時事通信社
976,トヨタ、13日に全面再開へ　完成車工場を順次稼働 共同通信
207,作られた記憶、作られた体験がもたらす未来　記憶とは自分を自分たらしめる重大な構成要素だ JBpress(日本ビジネスプレス) JBpress 最新記事
451,正午のドルは111円前半、6日以来の高値 Reuters
573,“空飛ぶクルマ”や“キャッシュレス”政府の１９年度注力事業をまるっと紹介 ニュースイッチ
277,｢転職バブルは人材業界のマーケティング｣本当に転職すべき層は2割ほど——何を変えたいのかを明確に Business Insider Japan
897,【日本代表スタメン発表】堂安がA代表デビュー！ 新10番・中島も先発。森保J初陣 フットボールチャンネル | サッカー情報満載！
614,日経テレコン 日本経済新聞
848,堂安律は“ガンバブルー”でなく“サムライブルー”で大阪凱旋！代表デビューへ準備万端!? サッカーダイジェストWeb | 専門3誌のオリジナル記事が満載！
850,「サムライの時代が来た！」長友佑都が与える“絶大な影響力”をトルコ紙が絶賛！ サッカーダイジェストWeb | 専門3誌のオリジナル記事が満載！
545,京都・福知山市が避難勧告　大雨で土砂災害の恐れ 京都新聞
292,日大アメフト部、日本ボクシング連盟……事件続発でも｢体育会系人材はやっぱり貴重｣と言える理由 Business Insider Japan
486,市場に立つ野村の責務 日本経済新聞
332,終活「できること始めて」　相続争い起きやすいパターンも 京都新聞
121,ネット姑にからまれ、下着写真でフォロワー失う…インフルエンサー稼業はラクじゃない Business Insider Japan
1073,クックパッド「置き配」にドラッグストアやカラオケ店参画——“ついで買い”に期待 Business Insider Japan
525,社説：経産省の指示　公文書の意義を損なう 京都新聞
229,体の不調は不潔な部屋が原因だった――掃除の達人が教える病気を防ぐ掃除法 致知出版社編集部
700,都と渋谷区も検討開始…代々木公園多目的アリーナ計画 スポーツ報知
618,自民・小泉氏、総裁選の支持明かさず 日本経済新聞
458,ルネサスが米半導体メーカーの買収を発表　７３３０億円 朝日新聞デジタル
117,“騒動”続きのスポーツ界に見る、組織の｢謝罪｣はなぜ失敗するか？ Business Insider Japan
480,イオン銀行で人工知能KIBITの導入に向けた文章データ解析の実証実験を開始 財経新聞
25,北近畿の大雨で一部徐行運転　ＪＲ山陰線と舞鶴線 京都新聞
110,一風堂接待でエンジニア｢囲い込み｣メルカリ、LINEも進出の福岡市 Business Insider Japan
149,加賀電子が富士通エレを買収へ、売上高5000億円規模に EE Times Japan
152,茨城・鬼怒川決壊、忘れず教訓に　豪雨水害3年で追悼 共同通信
548,スウェーデン総選挙投票始まる　極右政党の議席増が焦点 共同通信
725,国際刑事裁の判事訴追も＝軍要員捜査許さず－米高官 時事通信社
646,ホームレス問題は制御不能か、ビフォアアフター写真で見る現状 Business Insider Japan
477,キャンバス、通期事業収益は1.1億円　Stemlineとの「CBS9106」提携契約を拡大・延長 ログミーファイナンス
622,４～６月期実質ＧＤＰ、年率3.0％増に上方修正 日本経済新聞
139,スターフライヤー、北九州－那覇11月再開　1日1往復 Aviation Wire
778,【MLB】前田健太、シーズン終盤の代役守護神に慎重　「まだ少しナーバスになっている」 野球・MLBの総合コラムサイト
262,【8月米雇用統計】貿易戦争で米経済は崩れるか？ 不安な夜は「戻り売り」で＝ゆきママ - MONEY VOICE BLOGOS - 最新記事
957,一人焼肉を思う存分に堪能、「じゅーじゅー石焼きプレート」9月下旬発売 財経新聞
329,東日本大震災７年半　旧大川小で「忘れないでいたい」 朝日新聞デジタル
956,アサミズカンパニー、受注生産商品「ニューダンガンロンパV3 モデル ウォッチ」を期間限定で予約販売開始！ Social Game Info
249,Alibabaのジャック・マー会長引退は2019年9月10日 ITmedia エンタープライズ
463,前場の日経平均は続伸、半導体関連が堅調　円安も安心材料に Reuters
419,サマーズ氏：最新のＦＲＢストレステストの結果「ばかげている」 Bloomberg.com
632,今年は何かが違う！ ロシアのプーチン大統領、シベリアで短い休暇を楽しむ Business Insider Japan
19,関空の国際線、４日ぶりに一部再開　まずは１４便 朝日新聞デジタル
334,採用した人材が「すぐ辞める」「活躍しない」……人事の悩み、どうすれば解決できる？ ITmedia ビジネスオンライン
301,これまで通りの｢新人研修｣を止めたら、新人がもっと成長した話。 Business Insider Japan
272,中国インフルエンサー戦国時代　“かわいいだけじゃ生き残れない”市場で先陣を切る5人の共通点 WWD JAPAN.com
227,小説はオワコンか？　ふたりの知識人が語る「これからの文学」の定義 現代ビジネス[講談社] | 最新記事
94,旭化成、未来のクルマのハンドル握る 日本経済新聞
534,『10秒でふりかえる10年前』【自民党総裁選に麻生氏、石破氏、小池氏らが出馬(2008年9月8日)】 ホウドウキョク
889,大谷、2度目の週間MVP　打者専念で4本塁打の活躍 共同通信
663,中国、対米黒字が過去最大＝貿易戦争激化へ－８月 時事通信社
285,入社前から社内給与格差——年功序列ぬるま湯社員が陥る転職の壁 Business Insider Japan
291,海外経験なしでシンガポールで就職。パラレルキャリアから独立するまで Business Insider Japan
612,日経イベンツガイド 日本経済新聞
996,【全文掲載】1年後の引退表明、アリババ創業者ジャック・マーの手紙——アリババの文化は継承できる Business Insider Japan
457,ルネサス、米半導体メーカー買収　7千億円で、自動運転へ注力 共同通信
184,かっぱ寿司は本当に復活できるか、メディア初登場の新社長に聞く Diamond Online
377,欧州市場サマリー（7日） Reuters
920,AI車両管理プラットフォームで2年後のモーダルシフトに備えるAvrios TechCrunch Japan
1055,韓国サムスン、インドに世界最大のモバイルストアをオープン Reuters
278,公務員が兼業したら社会は変わる？本業にいい影響は出るのか？ Business Insider Japan
836,日本、投打で中国を圧倒　3位死守で来夏W杯の切符つかむ【野球U18アジア選手権】 データやコラム、多角的な視点で、ファンへ野球の魅力を発信
1001,有機EL採用の狙いは？　カメラはなぜ単眼？　ソニーモバイルに聞く「Xperia XZ3」 ITmedia Mobile
182,ケンタッキーが復活？｢500円ランチ｣の威力 東洋経済オンライン
32,プラスチックごみより酷い「タバコの吸い殻」の海洋汚染 - フォーブス ジャパン BLOGOS - 最新記事
80,米CBSトップが辞任　セクハラ疑惑で調査 共同通信
313,9歳の時、庭にできた巨大キャベツを見て、飢えに苦しむ人を救うNPOを作った女性がいる ハフポスト日本版
800,中村俊輔の正統後継者現る!? 天野純が誇るJ屈指の左足の秘密、日本代表の新たな武器に フットボールチャンネル | サッカー情報満載！
11,関空被災で京都の訪日客減少　宿泊施設キャンセル相次ぐ 京都新聞
43,特急列車の一部、１０日から運休　ＪＲ北海道、節電で 朝日新聞デジタル
86,【新】農業を革新する、7人のアウトサイダーたち NewsPicks編集部
808,【侍U-18代表】3位決定戦中国戦のスタメン発表！　横浜・板川が今大会初先発 野球・MLBの総合コラムサイト
36,選手とコーチの双方の代理人に就任するのは、ちょっと拙いんじゃないのかな - 早川忠孝 BLOGOS - 最新記事
1059,ヘッドホンジャックつき！RODEのLightning接続ビデオマイク「VideoMic Me-L」 ギズモード・ジャパン
58,日本農業の未来は明るい！IoTが切り拓く新たな可能性 マイナビ農業
41,京都丹鉄の宮舞・宮豊線、10日午前まで運転見合わせ 京都新聞
812,厚真町、新たな活断層が存在か　北海道地震で最大震度7観測 共同通信
420,仮想通貨の爆発的成長期、終わった可能性－イーサリアム創設者 Bloomberg
583,五輪マスコット、児童と交流　福岡の小学校訪問 共同通信
209,どうしたら殺さずに済むか…サイコパスを自覚する男の「孤独と葛藤」 現代ビジネス[講談社] | 最新記事
148,「アディクション」新作は“赤”で凛とした女性を表現　初のボディーローションも WWD JAPAN.com
768,U-19日本代表が強豪メキシコと１-１ドロー！ 鳥栖の田川亨介のPK弾で追いつく サッカーダイジェストWeb | 専門3誌のオリジナル記事が満載！
617,首相がロシアへ出発　領土問題など協議 日本経済新聞
123,電通の働き方改革担う｢ロボット人事部｣—— 600工程の効率化はロボット“だけ”では無理 Business Insider Japan
763,【MLB】大谷が右太もも打撲もソーシア監督「大丈夫」　10日試合前に状態を確認 野球・MLBの総合コラムサイト
596,中国、地方の隠れ債務「500兆円」の憂鬱 日本経済新聞
98,サムコ社長に川辺氏 日本経済新聞
385,日本スキー場開発（6040）、株主優待を「拡充」で、 従来の半額で優待がもらえる！　1株⇒2株の分割後も 優待内容が据え置きで、スキー好きなら超お得に！ - 株主優待【新設・変更・廃止】最新ニュース Diamond Online
130,｢失敗してもいいから任せる｣スタートアップ国家エストニアに学ぶこと Business Insider Japan
728,英賃金、5―7月は前年比+2.6％　予想上回る Reuters
23,ウォルマートが「スパーク・デリバリー」開始 FASHIONSNAP.COM【ファッションスナップ・ドットコム】
917,ウーバーが国内タクシー配車に本格参入　まずは名古屋 朝日新聞デジタル
576,安倍首相、ロシア大統領今夕会談　極東ウラジオに出発 共同通信
376,東京海上HD、南アフリカ保険大手2社に出資　日系損保大手初のアフリカ大型出資 日刊工業新聞 電子版
531,工場内に可燃物、消火作業長期化　敦賀・東洋紡火災 福井新聞オンライン
391,トラック荷台にＡＴＭ、銀行の移動店舗車運行へ 読売新聞
201,35歳のサラリーマンが、夢のプロ棋士になった。愛と憎しみが生んだ「将棋界の奇跡」 ハフポスト日本版
374,NY株式　　　7日終値 共同通信
575,虚構のダブルスコア　知事選、出回る「偽」世論調査 琉球新報
635,トルコ通貨ショックの深刻度は？エルドアン政権がEUの生殺与奪を握る理由とは Business Insider Japan
395,「オマエの家族皆殺し」スルガ銀、上司による壮絶な恫喝 朝日新聞デジタル
891,“本田圭佑監督”のカンボジア代表　マレーシアに敗れる「敗因には理由がある　今晩はそれを考える」 スポニチ Sponichi Annex
846,横浜が２戦合計７－１の圧勝！ガンバを粉砕して４強進出 サッカーダイジェストWeb | 専門3誌のオリジナル記事が満載！
297,20代国家公務員の6割強が｢兼業したい｣——“忖度”生むキャリアの一本道を避けるためにも公務員は外に出よう Business Insider Japan
719,郵便配達、平日だけに　人手不足対応で総務省検討 日本経済新聞
911,大坂なおみが語っていたセリーナ観。「倒すのをためらうなんて失礼よ」 Number Web｜選りすぐりの総合スポーツコラム
257,Z会「10歳までに身に付けたい考える力」を鍛えるワーク3冊刊行 リセマム
631,4日に1回ペース？ トランプ大統領はゴルフを愛しすぎている Business Insider Japan
197,アルツハイマー病になった人が、周りに知って欲しい5つのこと ハフポスト日本版
95,ココカラがネット処方薬　ドラッグ大手で初 日本経済新聞
1038,【いよいよ明日】新型iPhone（iPhone Xs）についてわかっていること・噂まとめ ギズモード・ジャパン
1011,日立、中国ＩＴ大手と戦略提携＝製造・物流ＩｏＴ化へ共同開発 時事通信社
169,グラハムやブルゲの作品も、アンティークの懐中時計を集めた展覧会が開催 FASHIONSNAP.COM【ファッションスナップ・ドットコム】
603,道内10日から2割節電呼び掛け　11日も計画停電回避へ 共同通信
311,時代が“タフでかっこいい”おばあちゃんを求めてる？ 脚光浴びる「バッドアス・グランマ」 NewSphere
581,「こうのとり7号機」打ち上げ延期　天候悪化予測のため soae.info
883,監督・本田圭佑への評価。「救世主」として過剰な期待を背負いながら進むカンボジアでの新たな挑戦 フットボールチャンネル | サッカー情報満載！
379,NY株、一時100ドル超安　米追加利上げを警戒 共同通信
945,レクサス、ラグジュアリーヨット『LY650』発表…ブランド第4のフラッグシップ レスポンス
748,日本、打線沈黙で台湾に敗れる　連覇逃し、3位決定戦へ【野球U18アジア選手権】 データやコラム、多角的な視点で、ファンへ野球の魅力を発信
821,大坂は自己最高の７位　女子テニス世界ランキング 日本経済新聞
228,犯罪被害者の権利を守る - 【名著】味読再読 Diamond Online
687,日ロ首脳　北方四島共同経済活動　進め方で一致も領土問題は不透明 ホウドウキョク
143,ＩＷＣ総会の焦点を聞く＝有識者インタビュー 時事通信社
876,【MLB】大谷翔平、第4打席で左前適時打を放ち54打点目　今季19度目マルチ安打を記録 野球・MLBの総合コラムサイト
180,ヒルトンホテル、“スマホで解錠”全客室を対象に ニュースイッチ
898,リーガに続いてCL決勝も米国へ!?　「ニューヨーク開催に向けて交渉中」 フットボールチャンネル | サッカー情報満載！
131,トヨタも虜にする｢天才が憧れる天才｣AI企業、PFNゴールデンチームの全貌 Business Insider Japan
1018,ビデオ：TechCrunch Tokyo2017ーーマネーフォワード 辻庸介氏の講演を初公開！ TechCrunch Japan
47,日本企業は、哲学がないまま生き残ってしまった　真山仁の経営論（1）日本企業が成長力を失った理由 JBpress(日本ビジネスプレス) JBpress 最新記事
804,バーティ/バンダウェイ組が女子複V、四大大会初優勝 全米OP AFP
330,『ポケモンGO』で「ウルトラボーナスイベント」を9月14日より開催！　伝説のポケモンが次々登場！　「ミュウツー」も伝説レイドバトルに！？ Social Game Info
203,自宅がスタジオに! フィットネスクラスを受講できるスマートミラー「Mirror」が斬新 マッシュメディア
84,トヨタ クラウン 新型のコネクティッド機能をぜんぶ解説 レスポンス
659,メイ英首相のＥＵ離脱案、与党分裂の一因に＝元離脱担当副大臣 Reuters
944,サンゴ礁荒らしのヒトデを駆逐するロボットが超優秀 ギズモード・ジャパン
587,ジョンソン前英外相、メイ氏のＥＵ離脱案は「自爆チョッキ」と批判 Reuters
636,非核化はどうなる？ アメリカ、北朝鮮に核の放棄を求めるが、北朝鮮の答えは｢ノー｣ Business Insider Japan
407,寄り付きの日経平均は続落、米通商問題が重し Reuters
926,手のひらサイズで6in1。万能充電ケーブル「Allroundo」がAmazonでセール実施中 ギズモード・ジャパン
91,ＧＡＦＡ、再エネでも主役に　データも消費電力も膨張 日本経済新聞
82,2万円台で0.5キロの“安くて軽い”アシストスーツ登場　腰のサポートに特化 ITmedia ビジネスオンライン
443,2018年1-8月の教育関連業者の倒産件数、過去最多ペースで推移 リセマム
809,物議醸すセレーナへの罰則、WTAトップも二重基準を非難 全米OP AFP
119,9カ月でフォロワー432万人。中国インフルエンサーの｢売れるためのキャラ設定｣ Business Insider Japan
900,【中村紀洋の目】稀代の強打者が語る打撃理論「指導されるものでなく、見て学ぶのがベスト」 野球・MLBの総合コラムサイト
296,ミレニアル世代の仕事・お金観を知る｢5つの問い｣——｢欲しいものがない｣は本当か？ Business Insider Japan
57,コンビニ、書店代わりに＝一体型店を展開、本も充実 時事通信社
979,トヨタ自動車、13日までに国内の全ての完成車工場で生産を再開へ Reuters
327,スクエニ、『刀使ノ巫女 刻みし一閃の燈火』でタワー型イベント「精鋭特務部隊研究棟」を開催！　刀使の使用制限など特別ルールが Social Game Info
259,iDeCoで人気の投資信託ランキング（2018年8月） SBI証券「iDeCo口座」の購入金額ランキングと、 積み立てできる投資信託の騰落率ランキングも発表！ - iDeCo（個人型確定拠出年金）おすすめ比較＆徹底解説 Diamond Online
918,バッテリーの命が難民の命、スマホに依存する難民の実情 TechCrunch Japan
1016,みんながiPhoneに望むものはノッチの排除ではなく…？ ギズモード・ジャパン
455,NXP買収を断念したQualcommの誤算（後編） EE Times Japan
42,京葉線、運転再開めど立たず　ケーブル損傷、線路から煙 朝日新聞デジタル
642,何が出てくる？ ウォーターゲート事件を暴いたジャーナリスト、今度はトランプ政権の内幕本を出版へ Business Insider Japan
396,ぐっちーさん｢銀行員年収300万時代が来る｣ 東洋経済オンライン
341,経団連「東京五輪のために採用前倒し」計画が、就活ルール廃止にすり替わった本当の理由 Business Insider Japan
276,新潟から週2回東京に出勤、サイボウズの複業採用社員に聞く複業ライフのリアル。 Business Insider Japan
785,休場明け稀勢の里が白星発進　横綱陣安泰、御嶽海も勝利 共同通信
506,出会い系解析で判明、付き合いたい相手は「自分より25％魅力的な人」 MIT Technology Review
571,今年から事実上の妊娠税 、突然の妊婦加算に驚きの声！「逆に安くしろよ」「安倍政権何してんの」 情報速報ドットコム
936,チェーンソーで追いかけ回した疑い、男を逮捕　宮崎 朝日新聞デジタル
53,星空の下で映画鑑賞できるドイツ生まれのキャンピングカー FASHIONSNAP.COM【ファッションスナップ・ドットコム】
973,グーグルは「URLがない世界」をつくろうとしている WIRED.jp
1002,新たな“自殺ゲーム”世界中でじわり拡散　ネットユーザーを脅迫・洗脳、「モモチャレンジ」要警戒 産経ニュース
128,この夏はビジネス本が豊作だ —— “決算が読めるノート”筆者が選ぶ最強本6冊を一挙公開 Business Insider Japan
832,クロンパがツアー初Ｖ　ゴルフのマッチプレー選手権 日本経済新聞
28,人気瞑想アプリHeadspaceがAlpine.AIの買収でAIを装備へ TechCrunch Japan
183,ハロウィーン商戦スタート！　ＴＤＬは新パレード　菓子各社も限定商品投入 産経ニュース
912,ブルワーズが首位攻防3連戦に先勝し4連勝　1ゲーム差に急接近「毎日が大事な試合」 データやコラム、多角的な視点で、ファンへ野球の魅力を発信
475,【ゲーム株概況(9/11)】中国版『モバサカUFC』のOβT発表でモブキャストHDが後場急騰　AimingはPS4版『キャラスト』が評価材料に Social Game Info
528,トランプ氏｢大変な問題になる｣　貿易協議に日本をけん制 ホウドウキョク
702,金正恩氏、第2回米朝首脳会談を要請　トランプ大統領に書簡 Reuters
151,サッポロビール、北海道工場の生産と出荷を一部再開 朝日新聞デジタル
245,ホリエモンが語る教育問題の本質　〜古い価値観を捨てることなしに教育は変わらない〜 大人になってから学ぶサッカーの本質とは
743,カムバック果たしたウッズ、セレーナとキャパニックを称賛 AFP
564,小泉進次郎氏、自民党総裁選での「石破氏支持」を講演会で匂わせる!? ハーバー・ビジネス・オンライン／最前線ビジネスパーソンの『知りたい』に応えるビジネスメディア
565,深刻化するアメリカの教師不足　フィリピンなど外国人の採用進むも賛否 NewSphere
665,小松道議が辞職　釧路町長選出馬へ 北海道新聞 どうしんウェブ
726,第2四半期のユーロ圏就業者数、前期比＋0.4％・前年比＋1.5％ Reuters
267,副業のリスクを心配する管理職に「複業研究家」が伝えたいこと 現代ビジネス[講談社] | 最新記事
1007,懐かしの名車が蘇る!1949年製ノーマン・テイムズ・スペシャルの走行動画が公開される マッシュメディア
293,Yahoo!アカデミア流、組織のリーダーシップを最大化する決定的な｢ある手法｣ Business Insider Japan
436,8月平均時給は前年比＋2.9％、米国金利の先高観は後退せず 財経新聞
946,【ダイハツ ミラトコット 試乗】「抜く」ところと引き締めるべきところ…諸星陽一 レスポンス
147,結核患者、７割が６０歳以上　高齢者施設に検査呼びかけ 朝日新聞デジタル
686,正恩氏 米朝首脳会談求める親書　米側も「調整開始」 ホウドウキョク
827,リーグ３連覇目前　広島支えるぶれぬ強化方針 日本経済新聞
1043,米新興企業が初の無人クアッドコプター公開、飛行時間は他社の5倍 Reuters
177,NHK、苦学生の受信料を全額免除　19年2月から開始 ITmedia ビジネスオンライン
99,広帯域で光るＬＥＤ、工場検査しやすく 日本経済新聞
880,意外に日本代表とそっくり？ コスタリカ新時代の始まり、地震大国としての勇気と希望 フットボールチャンネル | サッカー情報満載！
461,シティやゴールドマン、サウジ最大Ｍ＆Ａ案件を獲得－関係者 Bloomberg
444,ルネサス、米半導体メーカー買収＝７３３０億円、来年６月までに完了 時事通信社
877,【MLB】大谷翔平、170キロ二塁打＆今季9盗塁目はエリートクラス目前のスピード 野球・MLBの総合コラムサイト
738,8日の公示　日本ハムがトンキンと堀を抹消、楽天は藤田を登録 野球・MLBの総合コラムサイト
784,ゴミから人が見えてくる「ゴミ清掃員の日常」を発信し続ける芸人 DANRO
1025,語学学習のQ&Aアプリ「HiNative」が6.5億円調達、登録ユーザー数は1年強で3倍以上に TechCrunch Japan
115,気鋭ベンチャーが狙う“急成長”の旅行市場｢勝ち方｣ —— メルカリ、DMM、LINEは？ Business Insider Japan
954,衝撃の聖地ルビコン・トレイル制覇！──それなのに本質はエコ＆ゴージャス化 GQ JAPAN
807,フランスがNL初勝利、試合後にW杯優勝セレモニー AFP
72,腹部刺されたブラジル大統領選有力候補、容態が顕著に回復 Reuters
875,【8月月間MVP】月間12本塁打と爆発した西武・中村が3年ぶり受賞　セはフランスア、ビシエドの助っ人2選手 データやコラム、多角的な視点で、ファンへ野球の魅力を発信
558,北海道地震、死者４２人に　政府、予備費５億円超使用へ 朝日新聞デジタル
704,日本の教育公的支出は最低　15年のOECD調査 共同通信
879,バルサ&マンCもPSGの仏代表MF争奪戦に参戦か。選手の代理人に接触 フットボールチャンネル | サッカー情報満載！
1062,アマゾン、アップルに続き1兆ドル企業に　注目される小売以外の事業 NewSphere
174,関空“第1”今週中にも再開へ　台風21号いまだ影響続く ホウドウキョク
87,小島健輔が調べた「怖すぎる衣料消費の現実」 商業界オンライン
572,関空、国交省が復旧プラン　運営会社主導に“見切り” Aviation Wire
504,片頭痛は治る──世界的名医が解き明かす痛みの正体と正しい治療法 Mugendai（無限大）｜新たな視点と最新の動向を提供するWebメディア
734,【MLB】大谷翔平、衝撃の3戦4発に地元メディア大興奮「オオタニサンがまたやった」 野球・MLBの総合コラムサイト
320,中国アリババの馬会長、19年9月に退任　後任はチャンＣＥＯ - ロイター BLOGOS - 最新記事
405,東京円、110円台後半 共同通信
624,"""アメリカの英雄""ジョン・マケイン氏が残した勇気、幸福、祖国に関する10の名言 Business Insider Japan"
489,Adidasのスニーカーのサプライチェーンが3Dプリントで劇的に変わりオンデマンド化へ TechCrunch Japan
70,宅配便取扱量、3年連続で過去最高を更新---最大手ヤマト運輸はマイナス　2017年度 レスポンス
623,クマすら恐れる男？ ロシアの国営テレビがプーチン大統領を褒め讃える新番組をスタート Business Insider Japan
834,首相が大坂選手にＳＮＳで祝意　全米オープン優勝 日本経済新聞
783,マリナーズ、痛恨連敗でWC争い後退「明らかな危機」。背後には連勝のレイズが0.5差 データやコラム、多角的な視点で、ファンへ野球の魅力を発信
282,初任給40万円の中国企業、ファーウェイで働く日本人の“履歴書” Business Insider Japan
752,【MLB】田中将大、8回3安打10K零封の快投で11勝目　“お得意様”マリナーズに7勝無敗 野球・MLBの総合コラムサイト
9,岡山・倉敷で仮設入居開始　トレーラーハウス型 共同通信
365,楽天スーパーポイントで投資する最大のメリットは、 ポイントの貯めやすさと投資できる投資信託の多さ！ 楽天カードでポイントをザクザク貯める方法も紹介！ - 最新記事 Diamond Online
736,【MLB】大谷翔平、日本人1年目単独最多19号　左腕の内角高めに「何とか反応して」 野球・MLBの総合コラムサイト
793,BMW選手権最終日は雨天順延、このまま大会終了の可能性も AFP
865,仏代表、W杯“無得点優勝”の9番がついにゴール。世界王者の凱旋を飾る フットボールチャンネル
192,「美味しい」は社会を変える力になる｜レフェルヴェソンス 生江史伸 Forbes Japan
654,危険な“人口時限爆弾”、日本はやや回復、アメリカは危険な状態に Business Insider Japan
580,安倍首相、ウラジオストクへ出発 共同通信
711,ツイッター裁判官「表現行為できなくなる」 共同通信
